제목,컨텐트
제목,컨텐트
제목,컨텐트
제목,컨텐트
제목,컨텐트
제목,컨텐트
제목,컨텐트
제목,컨텐트
제목,컨텐트
제목,컨텐트
제목,컨텐트
제목,컨텐트
제목,컨텐트
제목,컨텐트
제목,컨텐트
제목,컨텐트
제목,컨텐트
제목,컨텐트
제목,컨텐트
제목,컨텐트
제목,컨텐트
제목,컨텐트
제목,컨텐트
제목,컨텐트
제목,컨텐트
제목,컨텐트
제목,컨텐트
제목,컨텐트
제목,컨텐트
제목,컨텐트
제목,컨텐트
제목,컨텐트
제목,컨텐트
제목,컨텐트
제목,컨텐트
제목,컨텐트
제목,컨텐트
제목,컨텐트
제목,컨텐트
제목,컨텐트
제목,컨텐트
제목,컨텐트
제목,컨텐트
제목,컨텐트
제목,컨텐트
제목,컨텐트
제목,컨텐트
제목,컨텐트
제목,컨텐트
제목,컨텐트
제목,컨텐트
제목,컨텐트
제목,컨텐트
제목,컨텐트
제목,컨텐트
제목,컨텐트
제목,컨텐트
제목,컨텐트
제목,컨텐트
제목,컨텐트
제목,컨텐트
제목,컨텐트
제목,컨텐트
제목,컨텐트
제목,컨텐트
제목,컨텐트
제목,컨텐트
제목,컨텐트
제목,컨텐트
제목,컨텐트
제목,컨텐트
제목,컨텐트
제목,컨텐트
제목,컨텐트
제목,컨텐트
제목,컨텐트
제목,컨텐트
제목,컨텐트
제목,컨텐트
제목,컨텐트
제목,컨텐트
제목,컨텐트
제목,컨텐트
제목,컨텐트
제목,컨텐트
제목,컨텐트
제목,컨텐트
제목,컨텐트
제목,컨텐트
제목,컨텐트
제목,컨텐트
제목,컨텐트
제목,컨텐트
제목,컨텐트
제목,컨텐트
제목,컨텐트
제목,컨텐트
제목,컨텐트
제목,컨텐트
제목,컨텐트
제목,컨텐트
제목,컨텐트
제목,컨텐트
제목,컨텐트
제목,컨텐트
제목,컨텐트
제목,컨텐트
제목,컨텐트
제목,컨텐트
제목,컨텐트
제목,컨텐트
제목,컨텐트
제목,컨텐트
제목,컨텐트
제목,컨텐트
제목,컨텐트
제목,컨텐트
제목,컨텐트
제목,컨텐트
제목,컨텐트
제목,컨텐트
제목,컨텐트
제목,컨텐트
제목,컨텐트
제목,컨텐트
제목,컨텐트
제목,컨텐트
제목,컨텐트
제목,컨텐트
제목,컨텐트
제목,컨텐트
제목,컨텐트
제목,컨텐트
제목,컨텐트
제목,컨텐트
제목,컨텐트
제목,컨텐트
제목,컨텐트
제목,컨텐트
제목,컨텐트
제목,컨텐트
제목,컨텐트
제목,컨텐트
제목,컨텐트
제목,컨텐트
제목,컨텐트
제목,컨텐트
제목,컨텐트
제목,컨텐트
제목,컨텐트
제목,컨텐트
제목,컨텐트
제목,컨텐트
제목,컨텐트
제목,컨텐트
제목,컨텐트
제목,컨텐트
제목,컨텐트
제목,컨텐트
제목,컨텐트
제목,컨텐트
제목,컨텐트
제목,컨텐트
제목,컨텐트
제목,컨텐트
제목,컨텐트
제목,컨텐트
제목,컨텐트
제목,컨텐트
제목,컨텐트
제목,컨텐트
제목,컨텐트
제목,컨텐트
제목,컨텐트
제목,컨텐트
제목,컨텐트
제목,컨텐트
제목,컨텐트
제목,컨텐트
제목,컨텐트
제목,컨텐트
제목,컨텐트
제목,컨텐트
제목,컨텐트
제목,컨텐트
제목,컨텐트
제목,컨텐트
제목,컨텐트
제목,컨텐트
제목,컨텐트
제목,컨텐트
제목,컨텐트
제목,컨텐트
제목,컨텐트
제목,컨텐트
제목,컨텐트
제목,컨텐트
제목,컨텐트
제목,컨텐트
제목,컨텐트
제목,컨텐트
제목,컨텐트
제목,컨텐트
제목,컨텐트
제목,컨텐트
제목,컨텐트
제목,컨텐트
제목,컨텐트
제목,컨텐트
제목,컨텐트
제목,컨텐트
제목,컨텐트
제목,컨텐트
제목,컨텐트
제목,컨텐트
제목,컨텐트
제목,컨텐트
제목,컨텐트
제목,컨텐트
제목,컨텐트
제목,컨텐트
제목,컨텐트
제목,컨텐트
제목,컨텐트
제목,컨텐트
제목,컨텐트
제목,컨텐트
제목,컨텐트
제목,컨텐트
제목,컨텐트
제목,컨텐트
제목,컨텐트
제목,컨텐트
제목,컨텐트
제목,컨텐트
제목,컨텐트
제목,컨텐트
제목,컨텐트
제목,컨텐트
제목,컨텐트
제목,컨텐트
제목,컨텐트
제목,컨텐트
제목,컨텐트
제목,컨텐트
제목,컨텐트
제목,컨텐트
제목,컨텐트
제목,컨텐트
제목,컨텐트
제목,컨텐트
제목,컨텐트
제목,컨텐트
제목,컨텐트
제목,컨텐트
제목,컨텐트
제목,컨텐트
제목,컨텐트
제목,컨텐트
제목,컨텐트
제목,컨텐트
제목,컨텐트
제목,컨텐트
제목,컨텐트
제목,컨텐트
제목,컨텐트
제목,컨텐트
제목,컨텐트
제목,컨텐트
제목,컨텐트
제목,컨텐트
제목,컨텐트
제목,컨텐트
제목,컨텐트
제목,컨텐트
제목,컨텐트
제목,컨텐트
제목,컨텐트
제목,컨텐트
제목,컨텐트
제목,컨텐트
제목,컨텐트
제목,컨텐트
제목,컨텐트
제목,컨텐트
제목,컨텐트
제목,컨텐트
제목,컨텐트
제목,컨텐트
제목,컨텐트
제목,컨텐트
제목,컨텐트
제목,컨텐트
제목,컨텐트
제목,컨텐트
제목,컨텐트
제목,컨텐트
제목,컨텐트
제목,컨텐트
제목,컨텐트
제목,컨텐트
제목,컨텐트
제목,컨텐트
제목,컨텐트
제목,컨텐트
제목,컨텐트
제목,컨텐트
제목,컨텐트
제목,컨텐트
제목,컨텐트
제목,컨텐트
제목,컨텐트
제목,컨텐트
제목,컨텐트
제목,컨텐트
제목,컨텐트
제목,컨텐트
제목,컨텐트
제목,컨텐트
제목,컨텐트
제목,컨텐트
제목,컨텐트
제목,컨텐트
제목,컨텐트
제목,컨텐트
제목,컨텐트
제목,컨텐트
제목,컨텐트
제목,컨텐트
제목,컨텐트
제목,컨텐트
제목,컨텐트
제목,컨텐트
제목,컨텐트
제목,컨텐트
제목,컨텐트
제목,컨텐트
제목,컨텐트
제목,컨텐트
제목,컨텐트
제목,컨텐트
제목,컨텐트
제목,컨텐트
제목,컨텐트
제목,컨텐트
제목,컨텐트
제목,컨텐트
제목,컨텐트
제목,컨텐트
제목,컨텐트
제목,컨텐트
제목,컨텐트
제목,컨텐트
제목,컨텐트
제목,컨텐트
제목,컨텐트
제목,컨텐트
제목,컨텐트
제목,컨텐트
제목,컨텐트
제목,컨텐트
제목,컨텐트
제목,컨텐트
제목,컨텐트
제목,컨텐트
제목,컨텐트
제목,컨텐트
제목,컨텐트
제목,컨텐트
제목,컨텐트
제목,컨텐트
제목,컨텐트
제목,컨텐트
제목,컨텐트
제목,컨텐트
제목,컨텐트
제목,컨텐트
제목,컨텐트
제목,컨텐트
제목,컨텐트
제목,컨텐트
제목,컨텐트
제목,컨텐트
제목,컨텐트
제목,컨텐트
제목,컨텐트
제목,컨텐트
제목,컨텐트
제목,컨텐트
제목,컨텐트
제목,컨텐트
제목,컨텐트
제목,컨텐트
제목,컨텐트
제목,컨텐트
제목,컨텐트
제목,컨텐트
제목,컨텐트
제목,컨텐트
제목,컨텐트
제목,컨텐트
제목,컨텐트
제목,컨텐트
제목,컨텐트
제목,컨텐트
제목,컨텐트
제목,컨텐트
제목,컨텐트
제목,컨텐트
제목,컨텐트
제목,컨텐트
제목,컨텐트
제목,컨텐트
제목,컨텐트
제목,컨텐트
제목,컨텐트
제목,컨텐트
제목,컨텐트
제목,컨텐트
제목,컨텐트
제목,컨텐트
제목,컨텐트
제목,컨텐트
제목,컨텐트
제목,컨텐트
제목,컨텐트
제목,컨텐트
제목,컨텐트
제목,컨텐트
제목,컨텐트
제목,컨텐트
제목,컨텐트
제목,컨텐트
제목,컨텐트
제목,컨텐트
제목,컨텐트
제목,컨텐트
제목,컨텐트
제목,컨텐트
제목,컨텐트
제목,컨텐트
제목,컨텐트
제목,컨텐트
제목,컨텐트
제목,컨텐트
제목,컨텐트
제목,컨텐트
제목,컨텐트
제목,컨텐트
제목,컨텐트
제목,컨텐트
제목,컨텐트
제목,컨텐트
제목,컨텐트
제목,컨텐트
제목,컨텐트
제목,컨텐트
제목,컨텐트
제목,컨텐트
제목,컨텐트
제목,컨텐트
제목,컨텐트
제목,컨텐트
제목,컨텐트
제목,컨텐트
제목,컨텐트
제목,컨텐트
제목,컨텐트
제목,컨텐트
제목,컨텐트
제목,컨텐트
제목,컨텐트
제목,컨텐트
제목,컨텐트
제목,컨텐트
제목,컨텐트
제목,컨텐트
제목,컨텐트
제목,컨텐트
제목,컨텐트
제목,컨텐트
제목,컨텐트
제목,컨텐트
제목,컨텐트
제목,컨텐트
제목,컨텐트
제목,컨텐트
제목,컨텐트
제목,컨텐트
제목,컨텐트
제목,컨텐트
제목,컨텐트
제목,컨텐트
제목,컨텐트
제목,컨텐트
제목,컨텐트
제목,컨텐트
제목,컨텐트
제목,컨텐트
제목,컨텐트
제목,컨텐트
제목,컨텐트
제목,컨텐트
제목,컨텐트
제목,컨텐트
제목,컨텐트
제목,컨텐트
제목,컨텐트
제목,컨텐트
제목,컨텐트
제목,컨텐트
제목,컨텐트
제목,컨텐트
제목,컨텐트
제목,컨텐트
제목,컨텐트
제목,컨텐트
제목,컨텐트
제목,컨텐트
제목,컨텐트
제목,컨텐트
제목,컨텐트
제목,컨텐트
제목,컨텐트
제목,컨텐트
제목,컨텐트
제목,컨텐트
제목,컨텐트
제목,컨텐트
제목,컨텐트
제목,컨텐트
제목,컨텐트
제목,컨텐트
제목,컨텐트
제목,컨텐트
제목,컨텐트
제목,컨텐트
제목,컨텐트
제목,컨텐트
제목,컨텐트
제목,컨텐트
제목,컨텐트
제목,컨텐트
제목,컨텐트
제목,컨텐트
제목,컨텐트
제목,컨텐트
제목,컨텐트
제목,컨텐트
제목,컨텐트
제목,컨텐트
제목,컨텐트
제목,컨텐트
제목,컨텐트
제목,컨텐트
제목,컨텐트
제목,컨텐트
제목,컨텐트
제목,컨텐트
제목,컨텐트
제목,컨텐트
제목,컨텐트
제목,컨텐트
제목,컨텐트
제목,컨텐트
제목,컨텐트
제목,컨텐트
제목,컨텐트
제목,컨텐트
제목,컨텐트
제목,컨텐트
제목,컨텐트
제목,컨텐트
제목,컨텐트
제목,컨텐트
제목,컨텐트
제목,컨텐트
제목,컨텐트
제목,컨텐트
제목,컨텐트
제목,컨텐트
제목,컨텐트
제목,컨텐트
제목,컨텐트
제목,컨텐트
제목,컨텐트
제목,컨텐트
제목,컨텐트
제목,컨텐트
제목,컨텐트
제목,컨텐트
제목,컨텐트
제목,컨텐트
제목,컨텐트
제목,컨텐트
제목,컨텐트
제목,컨텐트
제목,컨텐트
제목,컨텐트
제목,컨텐트
제목,컨텐트
제목,컨텐트
제목,컨텐트
제목,컨텐트
제목,컨텐트
제목,컨텐트
제목,컨텐트
제목,컨텐트
제목,컨텐트
제목,컨텐트
제목,컨텐트
제목,컨텐트
제목,컨텐트
제목,컨텐트
제목,컨텐트
제목,컨텐트
제목,컨텐트
제목,컨텐트
제목,컨텐트
제목,컨텐트
제목,컨텐트
제목,컨텐트
제목,컨텐트
제목,컨텐트
제목,컨텐트
제목,컨텐트
제목,컨텐트
제목,컨텐트
제목,컨텐트
제목,컨텐트
제목,컨텐트
제목,컨텐트
제목,컨텐트
제목,컨텐트
제목,컨텐트
제목,컨텐트
제목,컨텐트
제목,컨텐트
제목,컨텐트
제목,컨텐트
제목,컨텐트
제목,컨텐트
제목,컨텐트
제목,컨텐트
제목,컨텐트
제목,컨텐트
제목,컨텐트
제목,컨텐트
제목,컨텐트
제목,컨텐트
제목,컨텐트
제목,컨텐트
제목,컨텐트
제목,컨텐트
제목,컨텐트
제목,컨텐트
제목,컨텐트
제목,컨텐트
제목,컨텐트
제목,컨텐트
제목,컨텐트
제목,컨텐트
제목,컨텐트
제목,컨텐트
제목,컨텐트
제목,컨텐트
제목,컨텐트
제목,컨텐트
제목,컨텐트
제목,컨텐트
제목,컨텐트
제목,컨텐트
제목,컨텐트
제목,컨텐트
제목,컨텐트
제목,컨텐트
제목,컨텐트
제목,컨텐트
제목,컨텐트
제목,컨텐트
제목,컨텐트
제목,컨텐트
제목,컨텐트
제목,컨텐트
제목,컨텐트
제목,컨텐트
제목,컨텐트
제목,컨텐트
제목,컨텐트
제목,컨텐트
제목,컨텐트
제목,컨텐트
제목,컨텐트
제목,컨텐트
제목,컨텐트
제목,컨텐트
제목,컨텐트
제목,컨텐트
제목,컨텐트
제목,컨텐트
제목,컨텐트
제목,컨텐트
제목,컨텐트
제목,컨텐트
제목,컨텐트
제목,컨텐트
제목,컨텐트
제목,컨텐트
제목,컨텐트
제목,컨텐트
제목,컨텐트
제목,컨텐트
제목,컨텐트
제목,컨텐트
제목,컨텐트
제목,컨텐트
제목,컨텐트
제목,컨텐트
제목,컨텐트
제목,컨텐트
제목,컨텐트
제목,컨텐트
제목,컨텐트
제목,컨텐트
제목,컨텐트
제목,컨텐트
제목,컨텐트
제목,컨텐트
제목,컨텐트
제목,컨텐트
제목,컨텐트
제목,컨텐트
제목,컨텐트
제목,컨텐트
제목,컨텐트
제목,컨텐트
제목,컨텐트
제목,컨텐트
제목,컨텐트
제목,컨텐트
제목,컨텐트
제목,컨텐트
제목,컨텐트
제목,컨텐트
제목,컨텐트
제목,컨텐트
제목,컨텐트
제목,컨텐트
제목,컨텐트
제목,컨텐트
제목,컨텐트
제목,컨텐트
제목,컨텐트
제목,컨텐트
제목,컨텐트
제목,컨텐트
제목,컨텐트
제목,컨텐트
제목,컨텐트
제목,컨텐트
제목,컨텐트
제목,컨텐트
제목,컨텐트
제목,컨텐트
제목,컨텐트
제목,컨텐트
제목,컨텐트
제목,컨텐트
제목,컨텐트
제목,컨텐트
제목,컨텐트
제목,컨텐트
제목,컨텐트
제목,컨텐트
제목,컨텐트
제목,컨텐트
제목,컨텐트
제목,컨텐트
제목,컨텐트
제목,컨텐트
제목,컨텐트
제목,컨텐트
제목,컨텐트
제목,컨텐트
제목,컨텐트
제목,컨텐트
제목,컨텐트
제목,컨텐트
제목,컨텐트
제목,컨텐트
제목,컨텐트
제목,컨텐트
제목,컨텐트
제목,컨텐트
제목,컨텐트
제목,컨텐트
제목,컨텐트
제목,컨텐트
제목,컨텐트
제목,컨텐트
제목,컨텐트
제목,컨텐트
제목,컨텐트
제목,컨텐트
제목,컨텐트
제목,컨텐트
제목,컨텐트
제목,컨텐트
제목,컨텐트
제목,컨텐트
제목,컨텐트
제목,컨텐트
제목,컨텐트
제목,컨텐트
제목,컨텐트
제목,컨텐트
제목,컨텐트
제목,컨텐트
제목,컨텐트
제목,컨텐트
제목,컨텐트
제목,컨텐트
제목,컨텐트
제목,컨텐트
제목,컨텐트
제목,컨텐트
제목,컨텐트
제목,컨텐트
제목,컨텐트
제목,컨텐트
제목,컨텐트
제목,컨텐트
제목,컨텐트
제목,컨텐트
제목,컨텐트
제목,컨텐트
제목,컨텐트
제목,컨텐트
제목,컨텐트
제목,컨텐트
제목,컨텐트
제목,컨텐트
제목,컨텐트
제목,컨텐트
제목,컨텐트
제목,컨텐트
제목,컨텐트
제목,컨텐트
제목,컨텐트
제목,컨텐트
제목,컨텐트
제목,컨텐트
제목,컨텐트
제목,컨텐트
제목,컨텐트
제목,컨텐트
제목,컨텐트
제목,컨텐트
제목,컨텐트
제목,컨텐트
제목,컨텐트
제목,컨텐트
제목,컨텐트
제목,컨텐트
제목,컨텐트
제목,컨텐트
제목,컨텐트
제목,컨텐트
제목,컨텐트
제목,컨텐트
제목,컨텐트
제목,컨텐트
제목,컨텐트
제목,컨텐트
제목,컨텐트
제목,컨텐트
제목,컨텐트
제목,컨텐트
제목,컨텐트
제목,컨텐트
제목,컨텐트
제목,컨텐트
제목,컨텐트
제목,컨텐트
제목,컨텐트
제목,컨텐트
제목,컨텐트
제목,컨텐트
제목,컨텐트
제목,컨텐트
제목,컨텐트
제목,컨텐트
제목,컨텐트
제목,컨텐트
제목,컨텐트
제목,컨텐트
제목,컨텐트
제목,컨텐트
제목,컨텐트
제목,컨텐트
제목,컨텐트
제목,컨텐트
제목,컨텐트
제목,컨텐트
제목,컨텐트
제목,컨텐트
제목,컨텐트
제목,컨텐트
제목,컨텐트
제목,컨텐트
제목,컨텐트
제목,컨텐트
제목,컨텐트
제목,컨텐트
제목,컨텐트
제목,컨텐트
제목,컨텐트
제목,컨텐트
제목,컨텐트
제목,컨텐트
제목,컨텐트
제목,컨텐트
제목,컨텐트
제목,컨텐트
제목,컨텐트
제목,컨텐트
제목,컨텐트
제목,컨텐트
제목,컨텐트
제목,컨텐트
제목,컨텐트
제목,컨텐트
제목,컨텐트
제목,컨텐트
제목,컨텐트
제목,컨텐트
제목,컨텐트
제목,컨텐트
제목,컨텐트
제목,컨텐트
제목,컨텐트
제목,컨텐트
제목,컨텐트
제목,컨텐트
제목,컨텐트
제목,컨텐트
제목,컨텐트
제목,컨텐트
제목,컨텐트
제목,컨텐트
제목,컨텐트
제목,컨텐트
제목,컨텐트
제목,컨텐트
제목,컨텐트
제목,컨텐트
제목,컨텐트
제목,컨텐트
제목,컨텐트
제목,컨텐트
제목,컨텐트
제목,컨텐트
제목,컨텐트
제목,컨텐트
제목,컨텐트
제목,컨텐트
제목,컨텐트
제목,컨텐트
제목,컨텐트
제목,컨텐트
제목,컨텐트
제목,컨텐트
제목,컨텐트
제목,컨텐트
제목,컨텐트
제목,컨텐트
제목,컨텐트
제목,컨텐트
제목,컨텐트
제목,컨텐트
제목,컨텐트
제목,컨텐트
제목,컨텐트
제목,컨텐트
제목,컨텐트
제목,컨텐트
제목,컨텐트
제목,컨텐트
제목,컨텐트
제목,컨텐트
제목,컨텐트
제목,컨텐트
제목,컨텐트
제목,컨텐트
제목,컨텐트
제목,컨텐트
제목,컨텐트
제목,컨텐트
제목,컨텐트
제목,컨텐트